eta,R,gamma,g0,Q
0.15,2.0,14.134725141,12.134725141,0.4927430751798722
0.15,2.0,14.134725141,12.161391807666668,0.4927090393206355
0.15,2.0,14.134725141,12.188058474333333,0.4926752182627583
0.15,2.0,14.134725141,12.214725141,0.4926416102215552
0.15,2.0,14.134725141,12.241391807666668,0.4926082134306284
0.15,2.0,14.134725141,12.268058474333333,0.4925750261416469
0.15,2.0,14.134725141,12.294725141,0.49254204662412704
0.15,2.0,14.134725141,12.321391807666668,0.49250927316521825
0.15,2.0,14.134725141,12.348058474333333,0.4924767040694891
0.15,2.0,14.134725141,12.374725141,0.4924443376587183
0.15,2.0,14.134725141,12.401391807666668,0.49241217227168893
0.15,2.0,14.134725141,12.428058474333334,0.4923802062639826
0.15,2.0,14.134725141,12.454725141,0.4923484380077805
0.15,2.0,14.134725141,12.481391807666668,0.49231686589166346
0.15,2.0,14.134725141,12.508058474333334,0.49228548832041746
0.15,2.0,14.134725141,12.534725141000001,0.4922543037148405
0.15,2.0,14.134725141,12.561391807666666,0.4922233105115522
0.15,2.0,14.134725141,12.588058474333334,0.4921925071628058
0.15,2.0,14.134725141,12.614725141000001,0.4921618921363044
0.15,2.0,14.134725141,12.641391807666666,0.4921314639150166
0.15,2.0,14.134725141,12.668058474333334,0.49210122099699805
0.15,2.0,14.134725141,12.694725141000001,0.49207116189521277
0.15,2.0,14.134725141,12.721391807666667,0.4920412851373581
0.15,2.0,14.134725141,12.748058474333334,0.49201158926569255
0.15,2.0,14.134725141,12.774725141000001,0.49198207283686407
0.15,2.0,14.134725141,12.801391807666667,0.49195273442174287
0.15,2.0,14.134725141,12.828058474333334,0.4919235726052548
0.15,2.0,14.134725141,12.854725141000001,0.49189458598621805
0.15,2.0,14.134725141,12.881391807666667,0.491865773177181
0.15,2.0,14.134725141,12.908058474333334,0.4918371328042634
0.15,2.0,14.134725141,12.934725141000001,0.49180866350699926
0.15,2.0,14.134725141,12.961391807666667,0.491780363938181
0.15,2.0,14.134725141,12.988058474333334,0.4917522327637064
0.15,2.0,14.134725141,13.014725141000001,0.49172426866242835
0.15,2.0,14.134725141,13.041391807666667,0.49169647032600494
0.15,2.0,14.134725141,13.068058474333334,0.4916688364587528
0.15,2.0,14.134725141,13.094725141000001,0.4916413657775019
0.15,2.0,14.134725141,13.121391807666667,0.49161405701145205
0.15,2.0,14.134725141,13.148058474333334,0.49158690890203216
0.15,2.0,14.134725141,13.174725141,0.4915599202027598
0.15,2.0,14.134725141,13.201391807666667,0.49153308967910475
0.15,2.0,14.134725141,13.228058474333334,0.491506416108352
0.15,2.0,14.134725141,13.254725141000002,0.49147989827946853
0.15,2.0,14.134725141,13.281391807666667,0.4914535349929705
0.15,2.0,14.134725141,13.308058474333334,0.49142732506079284
0.15,2.0,14.134725141,13.334725141,0.49140126730616046
0.15,2.0,14.134725141,13.361391807666667,0.491375360563461
0.15,2.0,14.134725141,13.388058474333334,0.4913496036781186
0.15,2.0,14.134725141,13.414725141,0.4913239955064714
0.15,2.0,14.134725141,13.441391807666667,0.4912985349156476
0.15,2.0,14.134725141,13.468058474333334,0.491273220783446
0.15,2.0,14.134725141,13.494725141,0.4912480519982159
0.15,2.0,14.134725141,13.521391807666667,0.4912230274587402
0.15,2.0,14.134725141,13.548058474333335,0.4911981460741182
0.15,2.0,14.134725141,13.574725141,0.49117340676365207
0.15,2.0,14.134725141,13.601391807666667,0.49114880845673314
0.15,2.0,14.134725141,13.628058474333335,0.49112435009273003
0.15,2.0,14.134725141,13.654725141,0.4911000306208786
0.15,2.0,14.134725141,13.681391807666667,0.49107584900017265
0.15,2.0,14.134725141,13.708058474333335,0.49105180419925704
0.15,2.0,14.134725141,13.734725141,0.4910278951963209
0.15,2.0,14.134725141,13.761391807666667,0.4910041209789931
0.15,2.0,14.134725141,13.788058474333335,0.49098048054423854
0.15,2.0,14.134725141,13.814725141,0.4909569728982568
0.15,2.0,14.134725141,13.841391807666668,0.49093359705637957
0.15,2.0,14.134725141,13.868058474333335,0.4909103520429729
0.15,2.0,14.134725141,13.894725141,0.4908872368913376
0.15,2.0,14.134725141,13.921391807666668,0.49086425064361255
0.15,2.0,14.134725141,13.948058474333333,0.4908413923506787
0.15,2.0,14.134725141,13.974725141,0.4908186610720644
0.15,2.0,14.134725141,14.001391807666668,0.4907960558758516
0.15,2.0,14.134725141,14.028058474333335,0.49077357583858444
0.15,2.0,14.134725141,14.054725141,0.4907512200451765
0.15,2.0,14.134725141,14.081391807666668,0.49072898758882194
0.15,2.0,14.134725141,14.108058474333333,0.490706877570906
0.15,2.0,14.134725141,14.134725141,0.49068488910091745
0.15,2.0,14.134725141,14.161391807666668,0.49066302129636147
0.15,2.0,14.134725141,14.188058474333335,0.4906412732826742
0.15,2.0,14.134725141,14.214725141,0.490619644193138
0.15,2.0,14.134725141,14.241391807666668,0.49059813316879786
0.15,2.0,14.134725141,14.268058474333333,0.49057673935837887
0.15,2.0,14.134725141,14.294725141,0.4905554619182045
0.15,2.0,14.134725141,14.321391807666668,0.4905343000121163
0.15,2.0,14.134725141,14.348058474333333,0.49051325281139413
0.15,2.0,14.134725141,14.374725141,0.49049231949467764
0.15,2.0,14.134725141,14.401391807666666,0.49047149924788863
0.15,2.0,14.134725141,14.428058474333334,0.49045079126415403
0.15,2.0,14.134725141,14.454725141,0.49043019474373073
0.15,2.0,14.134725141,14.481391807666668,0.49040970889393026
0.15,2.0,14.134725141,14.508058474333334,0.4903893329290453
0.15,2.0,14.134725141,14.534725141000001,0.49036906607027614
0.15,2.0,14.134725141,14.561391807666666,0.4903489075456583
0.15,2.0,14.134725141,14.588058474333334,0.49032885658999265
0.15,2.0,14.134725141,14.614725141000001,0.4903089124447729
0.15,2.0,14.134725141,14.641391807666668,0.4902890743581181
0.15,2.0,14.134725141,14.668058474333334,0.49026934158470165
0.15,2.0,14.134725141,14.694725141000001,0.4902497133856862
0.15,2.0,14.134725141,14.721391807666667,0.49023018902865356
0.15,2.0,14.134725141,14.748058474333334,0.4902107677875404
0.15,2.0,14.134725141,14.774725141000001,0.49019144894257194
0.15,2.0,14.134725141,14.801391807666668,0.4901722317801975
0.15,2.0,14.134725141,14.828058474333334,0.4901531155930264
0.15,2.0,14.134725141,14.854725141000001,0.4901340996797643
0.15,2.0,14.134725141,14.881391807666667,0.49011518334515175
0.15,2.0,14.134725141,14.908058474333334,0.49009636589990146
0.15,2.0,14.134725141,14.934725141000001,0.4900776466606381
0.15,2.0,14.134725141,14.961391807666667,0.4900590249498373
0.15,2.0,14.134725141,14.988058474333334,0.49004050009576644
0.15,2.0,14.134725141,15.014725141000001,0.4900220714324262
0.15,2.0,14.134725141,15.041391807666667,0.4900037382994915
0.15,2.0,14.134725141,15.068058474333334,0.4899855000422549
0.15,2.0,14.134725141,15.094725141000001,0.4899673560115687
0.15,2.0,14.134725141,15.121391807666667,0.4899493055637901
0.15,2.0,14.134725141,15.148058474333334,0.48993134806072486
0.15,2.0,14.134725141,15.174725141,0.4899134828695723
0.15,2.0,14.134725141,15.201391807666667,0.48989570936287186
0.15,2.0,14.134725141,15.228058474333334,0.4898780269184486
0.15,2.0,14.134725141,15.254725141000002,0.48986043491936143
0.15,2.0,14.134725141,15.281391807666667,0.4898429327538488
0.15,2.0,14.134725141,15.308058474333334,0.4898255198152797
0.15,2.0,14.134725141,15.334725141,0.4898081955020997
0.15,2.0,14.134725141,15.361391807666667,0.4897909592177824
0.15,2.0,14.134725141,15.388058474333334,0.48977381037077833
0.15,2.0,14.134725141,15.414725141000002,0.48975674837446637
0.15,2.0,14.134725141,15.441391807666667,0.4897397726471043
0.15,2.0,14.134725141,15.468058474333334,0.48972288261178054
0.15,2.0,14.134725141,15.494725141,0.48970607769636704
0.15,2.0,14.134725141,15.521391807666667,0.4896893573334711
0.15,2.0,14.134725141,15.548058474333335,0.4896727209603896
0.15,2.0,14.134725141,15.574725141000002,0.4896561680190628
0.15,2.0,14.134725141,15.601391807666667,0.48963969795602813
0.15,2.0,14.134725141,15.628058474333335,0.4896233102223758
0.15,2.0,14.134725141,15.654725141,0.48960700427370424
0.15,2.0,14.134725141,15.681391807666667,0.48959077957007474
0.15,2.0,14.134725141,15.708058474333335,0.4895746355759701
0.15,2.0,14.134725141,15.734725141,0.4895585717602498
0.15,2.0,14.134725141,15.761391807666667,0.4895425875961082
0.15,2.0,14.134725141,15.788058474333335,0.4895266825610321
0.15,2.0,14.134725141,15.814725141,0.48951085613675965
0.15,2.0,14.134725141,15.841391807666668,0.4894951078092383
0.15,2.0,14.134725141,15.868058474333335,0.48947943706858493
0.15,2.0,14.134725141,15.894725141,0.48946384340904514
0.15,2.0,14.134725141,15.921391807666668,0.4894483263289539
0.15,2.0,14.134725141,15.948058474333333,0.48943288533069573
0.15,2.0,14.134725141,15.974725141,0.4894175199206659
0.15,2.0,14.134725141,16.001391807666668,0.4894022296092318
0.15,2.0,14.134725141,16.028058474333335,0.4893870139106956
0.15,2.0,14.134725141,16.054725141000002,0.4893718723432556
0.15,2.0,14.134725141,16.081391807666666,0.4893568044289703
0.15,2.0,14.134725141,16.108058474333333,0.48934180969371976
0.15,2.0,14.134725141,16.134725141,0.48932688766717114
0.15,2.0,21.022039639,19.022039639,0.48805789231624286
0.15,2.0,21.022039639,19.048706305666666,0.4880487459349921
0.15,2.0,21.022039639,19.075372972333334,0.48803963730952743
0.15,2.0,21.022039639,19.102039638999997,0.4880305662332183
0.15,2.0,21.022039639,19.128706305666665,0.4880215325008391
0.15,2.0,21.022039639,19.155372972333332,0.48801253590855925
0.15,2.0,21.022039639,19.182039639,0.48800357625393176
0.15,2.0,21.022039639,19.208706305666666,0.4879946533358807
0.15,2.0,21.022039639,19.235372972333334,0.4879857669546917
0.15,2.0,21.022039639,19.262039638999997,0.48797691691200024
0.15,2.0,21.022039639,19.288706305666665,0.487968103010781
0.15,2.0,21.022039639,19.315372972333332,0.487959325055336
0.15,2.0,21.022039639,19.342039639,0.48795058285128623
0.15,2.0,21.022039639,19.368706305666667,0.48794187620555834
0.15,2.0,21.022039639,19.395372972333334,0.48793320492637615
0.15,2.0,21.022039639,19.422039638999998,0.4879245688232495
0.15,2.0,21.022039639,19.448706305666665,0.4879159677069641
0.15,2.0,21.022039639,19.475372972333332,0.48790740138957106
0.15,2.0,21.022039639,19.502039639,0.48789886968437673
0.15,2.0,21.022039639,19.528706305666667,0.48789037240593375
0.15,2.0,21.022039639,19.555372972333334,0.4878819093700297
0.15,2.0,21.022039639,19.582039638999998,0.4878734803936779
0.15,2.0,21.022039639,19.608706305666665,0.48786508529510786
0.15,2.0,21.022039639,19.635372972333332,0.48785672389375573
0.15,2.0,21.022039639,19.662039639,0.4878483960102541
0.15,2.0,21.022039639,19.688706305666667,0.48784010146642265
0.15,2.0,21.022039639,19.715372972333334,0.48783184008525965
0.15,2.0,21.022039639,19.742039638999998,0.48782361169093186
0.15,2.0,21.022039639,19.768706305666665,0.4878154161087651
0.15,2.0,21.022039639,19.795372972333332,0.4878072531652358
0.15,2.0,21.022039639,19.822039639,0.487799122687962
0.15,2.0,21.022039639,19.848706305666667,0.48779102450569345
0.15,2.0,21.022039639,19.87537297233333,0.4877829584483036
0.15,2.0,21.022039639,19.902039638999998,0.4877749243467807
0.15,2.0,21.022039639,19.928706305666665,0.4877669220332189
0.15,2.0,21.022039639,19.955372972333333,0.48775895134080943
0.15,2.0,21.022039639,19.982039639,0.4877510121038324
0.15,2.0,21.022039639,20.008706305666667,0.487743104157648
0.15,2.0,21.022039639,20.03537297233333,0.48773522733868846
0.15,2.0,21.022039639,20.062039638999998,0.4877273814844499
0.15,2.0,21.022039639,20.088706305666665,0.48771956643348274
0.15,2.0,21.022039639,20.115372972333333,0.487711782025385
0.15,2.0,21.022039639,20.142039639,0.48770402810079405
0.15,2.0,21.022039639,20.168706305666667,0.4876963045013775
0.15,2.0,21.022039639,20.19537297233333,0.4876886110698263
0.15,2.0,21.022039639,20.222039639,0.4876809476498465
0.15,2.0,21.022039639,20.248706305666666,0.4876733140861512
0.15,2.0,21.022039639,20.275372972333333,0.4876657102244532
0.15,2.0,21.022039639,20.302039639,0.4876581359114571
0.15,2.0,21.022039639,20.328706305666664,0.4876505909948516
0.15,2.0,21.022039639,20.35537297233333,0.48764307532330226
0.15,2.0,21.022039639,20.382039639,0.48763558874644364
0.15,2.0,21.022039639,20.408706305666666,0.48762813111487224
0.15,2.0,21.022039639,20.435372972333333,0.4876207022801387
0.15,2.0,21.022039639,20.462039639,0.48761330209474146
0.15,2.0,21.022039639,20.488706305666668,0.48760593041211786
0.15,2.0,21.022039639,20.51537297233333,0.48759858708663917
0.15,2.0,21.022039639,20.542039639,0.4875912719736015
0.15,2.0,21.022039639,20.568706305666666,0.4875839849292203
0.15,2.0,21.022039639,20.595372972333333,0.48757672581062206
0.15,2.0,21.022039639,20.622039639,0.4875694944758384
0.15,2.0,21.022039639,20.648706305666664,0.48756229078379926
0.15,2.0,21.022039639,20.67537297233333,0.4875551145943251
0.15,2.0,21.022039639,20.702039639,0.4875479657681209
0.15,2.0,21.022039639,20.728706305666666,0.4875408441667702
0.15,2.0,21.022039639,20.755372972333333,0.487533749652727
0.15,2.0,21.022039639,20.782039639,0.4875266820893101
0.15,2.0,21.022039639,20.808706305666664,0.4875196413406962
0.15,2.0,21.022039639,20.83537297233333,0.4875126272719146
0.15,2.0,21.022039639,20.862039639,0.48750563974883876
0.15,2.0,21.022039639,20.888706305666666,0.4874986786381819
0.15,2.0,21.022039639,20.915372972333333,0.4874917438074899
0.15,2.0,21.022039639,20.942039639,0.4874848351251349
0.15,2.0,21.022039639,20.968706305666664,0.4874779524603097
0.15,2.0,21.022039639,20.99537297233333,0.4874710956830212
0.15,2.0,21.022039639,21.022039639,0.48746426466408466
0.15,2.0,21.022039639,21.048706305666666,0.4874574592751171
0.15,2.0,21.022039639,21.075372972333334,0.4874506793885325
0.15,2.0,21.022039639,21.102039638999997,0.4874439248775345
0.15,2.0,21.022039639,21.128706305666665,0.48743719561611193
0.15,2.0,21.022039639,21.155372972333332,0.4874304914790318
0.15,2.0,21.022039639,21.182039639,0.48742381234183413
0.15,2.0,21.022039639,21.208706305666666,0.4874171580808267
0.15,2.0,21.022039639,21.235372972333334,0.48741052857307826
0.15,2.0,21.022039639,21.262039639,0.4874039236964139
0.15,2.0,21.022039639,21.288706305666665,0.48739734332940926
0.15,2.0,21.022039639,21.315372972333332,0.4873907873513846
0.15,2.0,21.022039639,21.342039639,0.4873842556424001
0.15,2.0,21.022039639,21.368706305666667,0.48737774808325013
0.15,2.0,21.022039639,21.395372972333334,0.4873712645554567
0.15,2.0,21.022039639,21.422039638999998,0.48736480494126644
0.15,2.0,21.022039639,21.448706305666665,0.48735836912364355
0.15,2.0,21.022039639,21.475372972333332,0.4873519569862655
0.15,2.0,21.022039639,21.502039639,0.4873455684135167
0.15,2.0,21.022039639,21.528706305666667,0.48733920329048463
0.15,2.0,21.022039639,21.555372972333334,0.48733286150295463
0.15,2.0,21.022039639,21.582039638999998,0.4873265429374036
0.15,2.0,21.022039639,21.608706305666665,0.4873202474809962
0.15,2.0,21.022039639,21.635372972333332,0.48731397502157975
0.15,2.0,21.022039639,21.662039639,0.48730772544767853
0.15,2.0,21.022039639,21.688706305666667,0.48730149864849004
0.15,2.0,21.022039639,21.715372972333334,0.48729529451387904
0.15,2.0,21.022039639,21.742039638999998,0.4872891129343734
0.15,2.0,21.022039639,21.768706305666665,0.4872829538011588
0.15,2.0,21.022039639,21.795372972333332,0.4872768170060752
0.15,2.0,21.022039639,21.822039639,0.4872707024416108
0.15,2.0,21.022039639,21.848706305666667,0.4872646100008975
0.15,2.0,21.022039639,21.87537297233333,0.48725853957770743
0.15,2.0,21.022039639,21.902039638999998,0.487252491066447
0.15,2.0,21.022039639,21.928706305666665,0.4872464643621539
0.15,2.0,21.022039639,21.955372972333333,0.4872404593604907
0.15,2.0,21.022039639,21.982039639,0.48723447595774194
0.15,2.0,21.022039639,22.008706305666667,0.48722851405080925
0.15,2.0,21.022039639,22.035372972333334,0.4872225735372065
0.15,2.0,21.022039639,22.062039638999998,0.48721665431505623
0.15,2.0,21.022039639,22.088706305666665,0.4872107562830844
0.15,2.0,21.022039639,22.115372972333333,0.4872048793406177
0.15,2.0,21.022039639,22.142039639,0.487199023387577
0.15,2.0,21.022039639,22.168706305666667,0.48719318832447533
0.15,2.0,21.022039639,22.19537297233333,0.48718737405241214
0.15,2.0,21.022039639,22.222039639,0.48718158047307036
0.15,2.0,21.022039639,22.248706305666666,0.4871758074887112
0.15,2.0,21.022039639,22.275372972333333,0.4871700550021711
0.15,2.0,21.022039639,22.302039639,0.487164322916857
0.15,2.0,21.022039639,22.328706305666667,0.4871586111367424
0.15,2.0,21.022039639,22.35537297233333,0.48715291956636375
0.15,2.0,21.022039639,22.382039639,0.4871472481108161
0.15,2.0,21.022039639,22.408706305666666,0.48714159667574936
0.15,2.0,21.022039639,22.435372972333333,0.48713596516736496
0.15,2.0,21.022039639,22.462039639,0.48713035349241063
0.15,2.0,21.022039639,22.488706305666668,0.487124761558178
0.15,2.0,21.022039639,22.51537297233333,0.48711918927249825
0.15,2.0,21.022039639,22.542039639,0.48711363654373824
0.15,2.0,21.022039639,22.568706305666666,0.4871081032807967
0.15,2.0,21.022039639,22.595372972333333,0.48710258939310125
0.15,2.0,21.022039639,22.622039639,0.4870970947906038
0.15,2.0,21.022039639,22.648706305666664,0.48709161938377765
0.15,2.0,21.022039639,22.67537297233333,0.4870861630836134
0.15,2.0,21.022039639,22.702039639,0.48708072580161554
0.15,2.0,21.022039639,22.728706305666666,0.487075307449799
0.15,2.0,21.022039639,22.755372972333333,0.4870699079406856
0.15,2.0,21.022039639,22.782039639,0.48706452718730064
0.15,2.0,21.022039639,22.808706305666668,0.4870591651031691
0.15,2.0,21.022039639,22.83537297233333,0.4870538216023125
0.15,2.0,21.022039639,22.862039639,0.48704849659924543
0.15,2.0,21.022039639,22.888706305666666,0.48704319000897206
0.15,2.0,21.022039639,22.915372972333333,0.48703790174698297
0.15,2.0,21.022039639,22.942039639,0.4870326317292519
0.15,2.0,21.022039639,22.968706305666664,0.48702737987223216
0.15,2.0,21.022039639,22.99537297233333,0.48702214609285344
0.15,2.0,21.022039639,23.022039639,0.4870169303085187
0.15,2.0,25.01085758,23.01085758,0.48701911524328
0.15,2.0,25.01085758,23.037524246666667,0.487013909870457
0.15,2.0,25.01085758,23.064190913333334,0.48700872236307646
0.15,2.0,25.01085758,23.090857579999998,0.4870035526397474
0.15,2.0,25.01085758,23.117524246666665,0.48699840061954075
0.15,2.0,25.01085758,23.144190913333333,0.4869932662219861
0.15,2.0,25.01085758,23.17085758,0.4869881493670686
0.15,2.0,25.01085758,23.197524246666667,0.48698304997522607
0.15,2.0,25.01085758,23.224190913333334,0.4869779679673452
0.15,2.0,25.01085758,23.250857579999998,0.48697290326475945
0.15,2.0,25.01085758,23.277524246666665,0.4869678557892455
0.15,2.0,25.01085758,23.304190913333333,0.48696282546302055
0.15,2.0,25.01085758,23.33085758,0.4869578122087388
0.15,2.0,25.01085758,23.357524246666667,0.48695281594948897
0.15,2.0,25.01085758,23.384190913333335,0.4869478366087919
0.15,2.0,25.01085758,23.41085758,0.4869428741105964
0.15,2.0,25.01085758,23.437524246666666,0.4869379283792772
0.15,2.0,25.01085758,23.464190913333333,0.4869329993396322
0.15,2.0,25.01085758,23.49085758,0.4869280869168793
0.15,2.0,25.01085758,23.517524246666667,0.48692319103665355
0.15,2.0,25.01085758,23.544190913333335,0.4869183116250045
0.15,2.0,25.01085758,23.57085758,0.48691344860839353
0.15,2.0,25.01085758,23.597524246666666,0.4869086019136911
0.15,2.0,25.01085758,23.624190913333333,0.4869037714681738
0.15,2.0,25.01085758,23.65085758,0.486898957199522
0.15,2.0,25.01085758,23.677524246666668,0.4868941590358166
0.15,2.0,25.01085758,23.704190913333335,0.4868893769055373
0.15,2.0,25.01085758,23.73085758,0.4868846107375589
0.15,2.0,25.01085758,23.757524246666666,0.4868798604611495
0.15,2.0,25.01085758,23.784190913333333,0.4868751260059674
0.15,2.0,25.01085758,23.81085758,0.4868704073020589
0.15,2.0,25.01085758,23.837524246666668,0.48686570427985565
0.15,2.0,25.01085758,23.86419091333333,0.4868610168701715
0.15,2.0,25.01085758,23.89085758,0.48685634500420133
0.15,2.0,25.01085758,23.917524246666666,0.4868516886135172
0.15,2.0,25.01085758,23.944190913333333,0.4868470476300662
0.15,2.0,25.01085758,23.97085758,0.48684242198616884
0.15,2.0,25.01085758,23.997524246666668,0.4868378116145156
0.15,2.0,25.01085758,24.02419091333333,0.486833216448165
0.15,2.0,25.01085758,24.05085758,0.4868286364205407
0.15,2.0,25.01085758,24.077524246666666,0.48682407146543
0.15,2.0,25.01085758,24.104190913333333,0.4868195215169805
0.15,2.0,25.01085758,24.13085758,0.4868149865096986
0.15,2.0,25.01085758,24.157524246666668,0.4868104663784467
0.15,2.0,25.01085758,24.18419091333333,0.4868059610584406
0.15,2.0,25.01085758,24.21085758,0.48680147048524813
0.15,2.0,25.01085758,24.237524246666666,0.48679699459478565
0.15,2.0,25.01085758,24.264190913333334,0.48679253332331696
0.15,2.0,25.01085758,24.29085758,0.4867880866074503
0.15,2.0,25.01085758,24.317524246666665,0.4867836543841366
0.15,2.0,25.01085758,24.344190913333332,0.48677923659066674
0.15,2.0,25.01085758,24.37085758,0.4867748331646694
0.15,2.0,25.01085758,24.397524246666666,0.48677044404410996
0.15,2.0,25.01085758,24.424190913333334,0.48676606916728654
0.15,2.0,25.01085758,24.45085758,0.4867617084728298
0.15,2.0,25.01085758,24.47752424666667,0.4867573618996987
0.15,2.0,25.01085758,24.504190913333332,0.4867530293871804
0.15,2.0,25.01085758,24.53085758,0.48674871087488675
0.15,2.0,25.01085758,24.557524246666667,0.4867444063027533
0.15,2.0,25.01085758,24.584190913333334,0.4867401156110359
0.15,2.0,25.01085758,24.61085758,0.4867358387403099
0.15,2.0,25.01085758,24.637524246666665,0.48673157563146763
0.15,2.0,25.01085758,24.664190913333332,0.48672732622571613
0.15,2.0,25.01085758,24.69085758,0.4867230904645754
0.15,2.0,25.01085758,24.717524246666667,0.4867188682898766
0.15,2.0,25.01085758,24.744190913333334,0.4867146596437597
0.15,2.0,25.01085758,24.77085758,0.48671046446867183
0.15,2.0,25.01085758,24.797524246666665,0.48670628270736477
0.15,2.0,25.01085758,24.824190913333332,0.4867021143028942
0.15,2.0,25.01085758,24.85085758,0.486697959198616
0.15,2.0,25.01085758,24.877524246666667,0.4866938173381863
0.15,2.0,25.01085758,24.904190913333334,0.4866896886655578
0.15,2.0,25.01085758,24.93085758,0.4866855731249796
0.15,2.0,25.01085758,24.957524246666665,0.48668147066099376
0.15,2.0,25.01085758,24.984190913333332,0.4866773812184345
0.15,2.0,25.01085758,25.01085758,0.4866733047424259
0.15,2.0,25.01085758,25.037524246666667,0.4866692411783804
0.15,2.0,25.01085758,25.064190913333334,0.4866651904719966
0.15,2.0,25.01085758,25.090857579999998,0.48666115256925746
0.15,2.0,25.01085758,25.117524246666665,0.486657127416429
0.15,2.0,25.01085758,25.144190913333333,0.4866531149600585
0.15,2.0,25.01085758,25.17085758,0.486649115146972
0.15,2.0,25.01085758,25.197524246666667,0.48664512792427306
0.15,2.0,25.01085758,25.224190913333334,0.4866411532393414
0.15,2.0,25.01085758,25.25085758,0.4866371910398303
0.15,2.0,25.01085758,25.277524246666665,0.4866332412736658
0.15,2.0,25.01085758,25.304190913333333,0.48662930388904446
0.15,2.0,25.01085758,25.33085758,0.4866253788344316
0.15,2.0,25.01085758,25.357524246666667,0.48662146605856005
0.15,2.0,25.01085758,25.384190913333335,0.4866175655104283
0.15,2.0,25.01085758,25.41085758,0.48661367713929854
0.15,2.0,25.01085758,25.437524246666666,0.48660980089469563
0.15,2.0,25.01085758,25.464190913333333,0.4866059367264052
0.15,2.0,25.01085758,25.49085758,0.4866020845844717
0.15,2.0,25.01085758,25.517524246666667,0.4865982444191973
0.15,2.0,25.01085758,25.544190913333335,0.48659441618113997
0.15,2.0,25.01085758,25.57085758,0.48659059982111225
0.15,2.0,25.01085758,25.597524246666666,0.48658679529017945
0.15,2.0,25.01085758,25.624190913333333,0.4865830025396578
0.15,2.0,25.01085758,25.65085758,0.48657922152111377
0.15,2.0,25.01085758,25.677524246666668,0.4865754521863612
0.15,2.0,25.01085758,25.704190913333335,0.4865716944874614
0.15,2.0,25.01085758,25.73085758,0.48656794837672046
0.15,2.0,25.01085758,25.757524246666666,0.486564213806688
0.15,2.0,25.01085758,25.784190913333333,0.48656049073015595
0.15,2.0,25.01085758,25.81085758,0.4865567791001569
0.15,2.0,25.01085758,25.837524246666668,0.48655307886996246
0.15,2.0,25.01085758,25.86419091333333,0.48654938999308234
0.15,2.0,25.01085758,25.89085758,0.48654571242326206
0.15,2.0,25.01085758,25.917524246666666,0.48654204611448243
0.15,2.0,25.01085758,25.944190913333333,0.4865383910209576
0.15,2.0,25.01085758,25.97085758,0.48653474709713374
0.15,2.0,25.01085758,25.997524246666668,0.486531114297687
0.15,2.0,25.01085758,26.024190913333335,0.486527492577524
0.15,2.0,25.01085758,26.05085758,0.48652388189177814
0.15,2.0,25.01085758,26.077524246666666,0.48652028219580973
0.15,2.0,25.01085758,26.104190913333333,0.4865166934452038
0.15,2.0,25.01085758,26.13085758,0.48651311559576993
0.15,2.0,25.01085758,26.157524246666668,0.486509548603539
0.15,2.0,25.01085758,26.18419091333333,0.4865059924247637
0.15,2.0,25.01085758,26.21085758,0.486502447015916
0.15,2.0,25.01085758,26.237524246666666,0.48649891233368664
0.15,2.0,25.01085758,26.264190913333334,0.48649538833498307
0.15,2.0,25.01085758,26.29085758,0.4864918749769288
0.15,2.0,25.01085758,26.317524246666668,0.48648837221686136
0.15,2.0,25.01085758,26.344190913333332,0.4864848800123325
0.15,2.0,25.01085758,26.37085758,0.48648139832110476
0.15,2.0,25.01085758,26.397524246666666,0.4864779271011518
0.15,2.0,25.01085758,26.424190913333334,0.48647446631065683
0.15,2.0,25.01085758,26.45085758,0.48647101590801106
0.15,2.0,25.01085758,26.47752424666667,0.4864675758518129
0.15,2.0,25.01085758,26.504190913333332,0.4864641461008656
0.15,2.0,25.01085758,26.53085758,0.48646072661417794
0.15,2.0,25.01085758,26.557524246666667,0.4864573173509613
0.15,2.0,25.01085758,26.584190913333334,0.4864539182706292
0.15,2.0,25.01085758,26.61085758,0.4864505293327964
0.15,2.0,25.01085758,26.637524246666665,0.48644715049727666
0.15,2.0,25.01085758,26.664190913333332,0.48644378172408287
0.15,2.0,25.01085758,26.69085758,0.48644042297342455
0.15,2.0,25.01085758,26.717524246666667,0.4864370742057079
0.15,2.0,25.01085758,26.744190913333334,0.4864337353815341
0.15,2.0,25.01085758,26.77085758,0.48643040646169783
0.15,2.0,25.01085758,26.79752424666667,0.48642708740718654
0.15,2.0,25.01085758,26.824190913333332,0.4864237781791794
0.15,2.0,25.01085758,26.85085758,0.486420478739046
0.15,2.0,25.01085758,26.877524246666667,0.4864171890483452
0.15,2.0,25.01085758,26.904190913333334,0.4864139090688241
0.15,2.0,25.01085758,26.93085758,0.48641063876241664
0.15,2.0,25.01085758,26.957524246666665,0.48640737809124324
0.15,2.0,25.01085758,26.984190913333332,0.4864041270176088
0.15,2.0,25.01085758,27.01085758,0.4864008855040024
0.25,2.0,14.134725141,12.134725141,0.49277573613182735
0.25,2.0,14.134725141,12.161391807666668,0.4927414167216278
0.25,2.0,14.134725141,12.188058474333333,0.49270731518179883
0.25,2.0,14.134725141,12.214725141,0.49267342968793937
0.25,2.0,14.134725141,12.241391807666668,0.4926397584345331
0.25,2.0,14.134725141,12.268058474333333,0.49260629963471747
0.25,2.0,14.134725141,12.294725141,0.4925730515200539
0.25,2.0,14.134725141,12.321391807666668,0.49254001234030353
0.25,2.0,14.134725141,12.348058474333333,0.4925071803632048
0.25,2.0,14.134725141,12.374725141,0.4924745538742536
0.25,2.0,14.134725141,12.401391807666668,0.49244213117648866
0.25,2.0,14.134725141,12.428058474333334,0.49240991059027744
0.25,2.0,14.134725141,12.454725141,0.492377890453107
0.25,2.0,14.134725141,12.481391807666668,0.49234606911937634
0.25,2.0,14.134725141,12.508058474333334,0.4923144449601928
0.25,2.0,14.134725141,12.534725141000001,0.49228301636316996
0.25,2.0,14.134725141,12.561391807666666,0.4922517817322305
0.25,2.0,14.134725141,12.588058474333334,0.49222073948740863
0.25,2.0,14.134725141,12.614725141000001,0.492189888064659
0.25,2.0,14.134725141,12.641391807666666,0.4921592259156648
0.25,2.0,14.134725141,12.668058474333334,0.49212875150765056
0.25,2.0,14.134725141,12.694725141000001,0.49209846332319734
0.25,2.0,14.134725141,12.721391807666667,0.4920683598600594
0.25,2.0,14.134725141,12.748058474333334,0.4920384396309846
0.25,2.0,14.134725141,12.774725141000001,0.4920087011635365
0.25,2.0,14.134725141,12.801391807666667,0.49197914299991935
0.25,2.0,14.134725141,12.828058474333334,0.49194976369680526
0.25,2.0,14.134725141,12.854725141000001,0.49192056182516325
0.25,2.0,14.134725141,12.881391807666667,0.4918915359700917
0.25,2.0,14.134725141,12.908058474333334,0.491862684730652
0.25,2.0,14.134725141,12.934725141000001,0.4918340067197052
0.25,2.0,14.134725141,12.961391807666667,0.4918055005637507
0.25,2.0,14.134725141,12.988058474333334,0.4917771649027666
0.25,2.0,14.134725141,13.014725141000001,0.49174899839005265
0.25,2.0,14.134725141,13.041391807666667,0.491720999692076
0.25,2.0,14.134725141,13.068058474333334,0.4916931674883173
0.25,2.0,14.134725141,13.094725141000001,0.4916655004711201
0.25,2.0,14.134725141,13.121391807666667,0.4916379973455426
0.25,2.0,14.134725141,13.148058474333334,0.49161065682921035
0.25,2.0,14.134725141,13.174725141,0.4915834776521713
0.25,2.0,14.134725141,13.201391807666667,0.49155645855675284
0.25,2.0,14.134725141,13.228058474333334,0.49152959829742093
0.25,2.0,14.134725141,13.254725141000002,0.49150289564064087
0.25,2.0,14.134725141,13.281391807666667,0.4914763493647398
0.25,2.0,14.134725141,13.308058474333334,0.49144995825977134
0.25,2.0,14.134725141,13.334725141,0.4914237211273818
0.25,2.0,14.134725141,13.361391807666667,0.49139763678067805
0.25,2.0,14.134725141,13.388058474333334,0.49137170404409736
0.25,2.0,14.134725141,13.414725141,0.491345921753279
0.25,2.0,14.134725141,13.441391807666667,0.4913202887549373
0.25,2.0,14.134725141,13.468058474333334,0.4912948039067362
0.25,2.0,14.134725141,13.494725141,0.491269466077166
0.25,2.0,14.134725141,13.521391807666667,0.49124427414542116
0.25,2.0,14.134725141,13.548058474333335,0.49121922700128073
0.25,2.0,14.134725141,13.574725141,0.4911943235449881
0.25,2.0,14.134725141,13.601391807666667,0.4911695626871349
0.25,2.0,14.134725141,13.628058474333335,0.49114494334854486
0.25,2.0,14.134725141,13.654725141,0.49112046446015956
0.25,2.0,14.134725141,13.681391807666667,0.49109612496292565
0.25,2.0,14.134725141,13.708058474333335,0.4910719238076839
0.25,2.0,14.134725141,13.734725141,0.4910478599550583
0.25,2.0,14.134725141,13.761391807666667,0.49102393237534897
0.25,2.0,14.134725141,13.788058474333335,0.49100014004842374
0.25,2.0,14.134725141,13.814725141,0.4909764819636137
0.25,2.0,14.134725141,13.841391807666668,0.49095295711960746
0.25,2.0,14.134725141,13.868058474333335,0.4909295645243492
0.25,2.0,14.134725141,13.894725141,0.4909063031949364
0.25,2.0,14.134725141,13.921391807666668,0.4908831721575198
0.25,2.0,14.134725141,13.948058474333333,0.49086017044720365
0.25,2.0,14.134725141,13.974725141,0.4908372971079486
0.25,2.0,14.134725141,14.001391807666668,0.49081455119247364
0.25,2.0,14.134725141,14.028058474333335,0.49079193176216274
0.25,2.0,14.134725141,14.054725141,0.49076943788696886
0.25,2.0,14.134725141,14.081391807666668,0.4907470686453209
0.25,2.0,14.134725141,14.108058474333333,0.4907248231240336
0.25,2.0,14.134725141,14.134725141,0.49070270041821445
0.25,2.0,14.134725141,14.161391807666668,0.4906806996311759
0.25,2.0,14.134725141,14.188058474333335,0.4906588198743455
0.25,2.0,14.134725141,14.214725141,0.4906370602671798
0.25,2.0,14.134725141,14.241391807666668,0.49061541993707697
0.25,2.0,14.134725141,14.268058474333333,0.49059389801929243
0.25,2.0,14.134725141,14.294725141,0.4905724936568537
0.25,2.0,14.134725141,14.321391807666668,0.49055120600047825
0.25,2.0,14.134725141,14.348058474333333,0.490530034208491
0.25,2.0,14.134725141,14.374725141,0.49050897744674304
0.25,2.0,14.134725141,14.401391807666666,0.49048803488853177
0.25,2.0,14.134725141,14.428058474333334,0.490467205714522
0.25,2.0,14.134725141,14.454725141,0.49044648911266725
0.25,2.0,14.134725141,14.481391807666668,0.4904258842781332
0.25,2.0,14.134725141,14.508058474333334,0.49040539041322084
0.25,2.0,14.134725141,14.534725141000001,0.49038500672729196
0.25,2.0,14.134725141,14.561391807666666,0.4903647324366939
0.25,2.0,14.134725141,14.588058474333334,0.4903445667646869
0.25,2.0,14.134725141,14.614725141000001,0.49032450894137075
0.25,2.0,14.134725141,14.641391807666668,0.4903045582036139
0.25,2.0,14.134725141,14.668058474333334,0.4902847137949819
0.25,2.0,14.134725141,14.694725141000001,0.49026497496566784
0.25,2.0,14.134725141,14.721391807666667,0.49024534097242345
0.25,2.0,14.134725141,14.748058474333334,0.49022581107848984
0.25,2.0,14.134725141,14.774725141000001,0.4902063845535313
0.25,2.0,14.134725141,14.801391807666668,0.4901870606735679
0.25,2.0,14.134725141,14.828058474333334,0.4901678387209096
0.25,2.0,14.134725141,14.854725141000001,0.4901487179840917
0.25,2.0,14.134725141,14.881391807666667,0.49012969775781023
0.25,2.0,14.134725141,14.908058474333334,0.4901107773428579
0.25,2.0,14.134725141,14.934725141000001,0.49009195604606254
0.25,2.0,14.134725141,14.961391807666667,0.49007323318022383
0.25,2.0,14.134725141,14.988058474333334,0.49005460806405327
0.25,2.0,14.134725141,15.014725141000001,0.4900360800221125
0.25,2.0,14.134725141,15.041391807666667,0.4900176483847542
0.25,2.0,14.134725141,15.068058474333334,0.4899993124880628
0.25,2.0,14.134725141,15.094725141000001,0.4899810716737954
0.25,2.0,14.134725141,15.121391807666667,0.4899629252893255
0.25,2.0,14.134725141,15.148058474333334,0.48994487268758463
0.25,2.0,14.134725141,15.174725141,0.4899269132270062
0.25,2.0,14.134725141,15.201391807666667,0.4899090462714704
0.25,2.0,14.134725141,15.228058474333334,0.48989127119024867
0.25,2.0,14.134725141,15.254725141000002,0.48987358735794917
0.25,2.0,14.134725141,15.281391807666667,0.4898559941544629
0.25,2.0,14.134725141,15.308058474333334,0.48983849096491155
0.25,2.0,14.134725141,15.334725141,0.4898210771795937
0.25,2.0,14.134725141,15.361391807666667,0.4898037521939334
0.25,2.0,14.134725141,15.388058474333334,0.4897865154084291
0.25,2.0,14.134725141,15.414725141000002,0.4897693662286024
0.25,2.0,14.134725141,15.441391807666667,0.4897523040649485
0.25,2.0,14.134725141,15.468058474333334,0.48973532833288574
0.25,2.0,14.134725141,15.494725141,0.48971843845270807
0.25,2.0,14.134725141,15.521391807666667,0.4897016338495348
0.25,2.0,14.134725141,15.548058474333335,0.4896849139532644
0.25,2.0,14.134725141,15.574725141000002,0.48966827819852615
0.25,2.0,14.134725141,15.601391807666667,0.48965172602463336
0.25,2.0,14.134725141,15.628058474333335,0.4896352568755381
0.25,2.0,14.134725141,15.654725141,0.48961887019978434
0.25,2.0,14.134725141,15.681391807666667,0.48960256545046316
0.25,2.0,14.134725141,15.708058474333335,0.48958634208516855
0.25,2.0,14.134725141,15.734725141,0.48957019956595255
0.25,2.0,14.134725141,15.761391807666667,0.4895541373592818
0.25,2.0,14.134725141,15.788058474333335,0.48953815493599484
0.25,2.0,14.134725141,15.814725141,0.4895222517712587
0.25,2.0,14.134725141,15.841391807666668,0.489506427344527
0.25,2.0,14.134725141,15.868058474333335,0.4894906811394985
0.25,2.0,14.134725141,15.894725141,0.48947501264407534
0.25,2.0,14.134725141,15.921391807666668,0.4894594213503229
0.25,2.0,14.134725141,15.948058474333333,0.48944390675442845
0.25,2.0,14.134725141,15.974725141,0.48942846835666265
0.25,2.0,14.134725141,16.001391807666668,0.48941310566133894
0.25,2.0,14.134725141,16.028058474333335,0.4893978181767751
0.25,2.0,14.134725141,16.054725141000002,0.48938260541525447
0.25,2.0,14.134725141,16.081391807666666,0.48936746689298827
0.25,2.0,14.134725141,16.108058474333333,0.489352402130077
0.25,2.0,14.134725141,16.134725141,0.48933741065047454
0.25,2.0,21.022039639,19.022039639,0.4880633603736499
0.25,2.0,21.022039639,19.048706305666666,0.4880541836229445
0.25,2.0,21.022039639,19.075372972333334,0.48804504483900735
0.25,2.0,21.022039639,19.102039638999997,0.4880359438134506
0.25,2.0,21.022039639,19.128706305666665,0.48802688033930886
0.25,2.0,21.022039639,19.155372972333332,0.4880178542110282
0.25,2.0,21.022039639,19.182039639,0.4880088652244551
0.25,2.0,21.022039639,19.208706305666666,0.4879999131768238
0.25,2.0,21.022039639,19.235372972333334,0.4879909978667458
0.25,2.0,21.022039639,19.262039638999997,0.4879821190941996
0.25,2.0,21.022039639,19.288706305666665,0.48797327666051765
0.25,2.0,21.022039639,19.315372972333332,0.48796447036837665
0.25,2.0,21.022039639,19.342039639,0.48795570002178684
0.25,2.0,21.022039639,19.368706305666667,0.48794696542608024
0.25,2.0,21.022039639,19.395372972333334,0.4879382663879014
0.25,2.0,21.022039639,19.422039638999998,0.4879296027151952
0.25,2.0,21.022039639,19.448706305666665,0.4879209742171977
0.25,2.0,21.022039639,19.475372972333332,0.4879123807044257
0.25,2.0,21.022039639,19.502039639,0.48790382198866533
0.25,2.0,21.022039639,19.528706305666667,0.48789529788296315
0.25,2.0,21.022039639,19.555372972333334,0.48788680820161534
0.25,2.0,21.022039639,19.582039638999998,0.48787835276015834
0.25,2.0,21.022039639,19.608706305666665,0.48786993137535817
0.25,2.0,21.022039639,19.635372972333332,0.48786154386520114
0.25,2.0,21.022039639,19.662039639,0.4878531900488845
0.25,2.0,21.022039639,19.688706305666667,0.4878448697468053
0.25,2.0,21.022039639,19.715372972333334,0.4878365827805533
0.25,2.0,21.022039639,19.742039638999998,0.48782832897289935
0.25,2.0,21.022039639,19.768706305666665,0.48782010814778687
0.25,2.0,21.022039639,19.795372972333332,0.4878119201303228
0.25,2.0,21.022039639,19.822039639,0.48780376474676823
0.25,2.0,21.022039639,19.848706305666667,0.4877956418245291
0.25,2.0,21.022039639,19.87537297233333,0.4877875511921471
0.25,2.0,21.022039639,19.902039638999998,0.48777949267929194
0.25,2.0,21.022039639,19.928706305666665,0.48777146611675026
0.25,2.0,21.022039639,19.955372972333333,0.4877634713364191
0.25,2.0,21.022039639,19.982039639,0.4877555081712959
0.25,2.0,21.022039639,20.008706305666667,0.4877475764554703
0.25,2.0,21.022039639,20.03537297233333,0.4877396760241154
0.25,2.0,21.022039639,20.062039638999998,0.4877318067134802
0.25,2.0,21.022039639,20.088706305666665,0.48772396836087917
0.25,2.0,21.022039639,20.115372972333333,0.4877161608046861
0.25,2.0,21.022039639,20.142039639,0.4877083838843252
0.25,2.0,21.022039639,20.168706305666667,0.4877006374402624
0.25,2.0,21.022039639,20.19537297233333,0.48769292131399766
0.25,2.0,21.022039639,20.222039639,0.48768523534805724
0.25,2.0,21.022039639,20.248706305666666,0.48767757938598505
0.25,2.0,21.022039639,20.275372972333333,0.4876699532723355
0.25,2.0,21.022039639,20.302039639,0.4876623568526653
0.25,2.0,21.022039639,20.328706305666664,0.4876547899735261
0.25,2.0,21.022039639,20.35537297233333,0.48764725248245633
0.25,2.0,21.022039639,20.382039639,0.4876397442279739
0.25,2.0,21.022039639,20.408706305666666,0.48763226505956886
0.25,2.0,21.022039639,20.435372972333333,0.4876248148276954
0.25,2.0,21.022039639,20.462039639,0.48761739338376514
0.25,2.0,21.022039639,20.488706305666668,0.48761000058013937
0.25,2.0,21.022039639,20.51537297233333,0.48760263627012207
0.25,2.0,21.022039639,20.542039639,0.48759530030795206
0.25,2.0,21.022039639,20.568706305666666,0.4875879925487971
0.25,2.0,21.022039639,20.595372972333333,0.4875807128487453
0.25,2.0,21.022039639,20.622039639,0.48757346106479965
0.25,2.0,21.022039639,20.648706305666664,0.48756623705487
0.25,2.0,21.022039639,20.67537297233333,0.48755904067776673
0.25,2.0,21.022039639,20.702039639,0.48755187179319315
0.25,2.0,21.022039639,20.728706305666666,0.4875447302617401
0.25,2.0,21.022039639,20.755372972333333,0.4875376159448781
0.25,2.0,21.022039639,20.782039639,0.4875305287049514
0.25,2.0,21.022039639,20.808706305666664,0.4875234684051704
0.25,2.0,21.022039639,20.83537297233333,0.4875164349096065
0.25,2.0,21.022039639,20.862039639,0.4875094280831851
0.25,2.0,21.022039639,20.888706305666666,0.4875024477916779
0.25,2.0,21.022039639,20.915372972333333,0.48749549390169905
0.25,2.0,21.022039639,20.942039639,0.48748856628069687
0.25,2.0,21.022039639,20.968706305666664,0.48748166479694816
0.25,2.0,21.022039639,20.99537297233333,0.4874747893195522
0.25,2.0,21.022039639,21.022039639,0.4874679397184246
0.25,2.0,21.022039639,21.048706305666666,0.4874611158642908
0.25,2.0,21.022039639,21.075372972333334,0.4874543176286808
0.25,2.0,21.022039639,21.102039638999997,0.4874475448839225
0.25,2.0,21.022039639,21.128706305666665,0.48744079750313596
0.25,2.0,21.022039639,21.155372972333332,0.4874340753602276
0.25,2.0,21.022039639,21.182039639,0.4874273783298843
0.25,2.0,21.022039639,21.208706305666666,0.4874207062875682
0.25,2.0,21.022039639,21.235372972333334,0.4874140591095095
0.25,2.0,21.022039639,21.262039639,0.4874074366727026
0.25,2.0,21.022039639,21.288706305666665,0.48740083885489904
0.25,2.0,21.022039639,21.315372972333332,0.4873942655346028
0.25,2.0,21.022039639,21.342039639,0.48738771659106456
0.25,2.0,21.022039639,21.368706305666667,0.48738119190427587
0.25,2.0,21.022039639,21.395372972333334,0.48737469135496386
0.25,2.0,21.022039639,21.422039638999998,0.48736821482458625
0.25,2.0,21.022039639,21.448706305666665,0.4873617621953256
0.25,2.0,21.022039639,21.475372972333332,0.48735533335008424
0.25,2.0,21.022039639,21.502039639,0.4873489281724785
0.25,2.0,21.022039639,21.528706305666667,0.48734254654683407
0.25,2.0,21.022039639,21.555372972333334,0.4873361883581813
0.25,2.0,21.022039639,21.582039638999998,0.48732985349224844
0.25,2.0,21.022039639,21.608706305666665,0.4873235418354582
0.25,2.0,21.022039639,21.635372972333332,0.48731725327492165
0.25,2.0,21.022039639,21.662039639,0.487310987698434
0.25,2.0,21.022039639,21.688706305666667,0.48730474499446924
0.25,2.0,21.022039639,21.715372972333334,0.48729852505217536
0.25,2.0,21.022039639,21.742039638999998,0.48729232776136894
0.25,2.0,21.022039639,21.768706305666665,0.48728615301253136
0.25,2.0,21.022039639,21.795372972333332,0.4872800006968033
0.25,2.0,21.022039639,21.822039639,0.48727387070598005
0.25,2.0,21.022039639,21.848706305666667,0.48726776293250657
0.25,2.0,21.022039639,21.87537297233333,0.48726167726947417
0.25,2.0,21.022039639,21.902039638999998,0.4872556136106133
0.25,2.0,21.022039639,21.928706305666665,0.4872495718502924
0.25,2.0,21.022039639,21.955372972333333,0.4872435518835099
0.25,2.0,21.022039639,21.982039639,0.4872375536058919
0.25,2.0,21.022039639,22.008706305666667,0.48723157691368707
0.25,2.0,21.022039639,22.035372972333334,0.4872256217037622
0.25,2.0,21.022039639,22.062039638999998,0.48721968787359793
0.25,2.0,21.022039639,22.088706305666665,0.4872137753212837
0.25,2.0,21.022039639,22.115372972333333,0.4872078839455147
0.25,2.0,21.022039639,22.142039639,0.4872020136455864
0.25,2.0,21.022039639,22.168706305666667,0.487196164321391
0.25,2.0,21.022039639,22.19537297233333,0.4871903358734126
0.25,2.0,21.022039639,22.222039639,0.4871845282027241
0.25,2.0,21.022039639,22.248706305666666,0.4871787412109812
0.25,2.0,21.022039639,22.275372972333333,0.4871729748004204
0.25,2.0,21.022039639,22.302039639,0.4871672288738534
0.25,2.0,21.022039639,22.328706305666667,0.4871615033346637
0.25,2.0,21.022039639,22.35537297233333,0.4871557980868022
0.25,2.0,21.022039639,22.382039639,0.48715011303478395
0.25,2.0,21.022039639,22.408706305666666,0.48714444808368296
0.25,2.0,21.022039639,22.435372972333333,0.4871388031391298
0.25,2.0,21.022039639,22.462039639,0.48713317810730633
0.25,2.0,21.022039639,22.488706305666668,0.48712757289494263
0.25,2.0,21.022039639,22.51537297233333,0.4871219874093131
0.25,2.0,21.022039639,22.542039639,0.4871164215582323
0.25,2.0,21.022039639,22.568706305666666,0.4871108752500514
0.25,2.0,21.022039639,22.595372972333333,0.48710534839365494
0.25,2.0,21.022039639,22.622039639,0.48709984089845587
0.25,2.0,21.022039639,22.648706305666664,0.48709435267439344
0.25,2.0,21.022039639,22.67537297233333,0.4870888836319282
0.25,2.0,21.022039639,22.702039639,0.4870834336820392
0.25,2.0,21.022039639,22.728706305666666,0.48707800273622004
0.25,2.0,21.022039639,22.755372972333333,0.4870725907064757
0.25,2.0,21.022039639,22.782039639,0.4870671975053183
0.25,2.0,21.022039639,22.808706305666668,0.48706182304576445
0.25,2.0,21.022039639,22.83537297233333,0.4870564672413311
0.25,2.0,21.022039639,22.862039639,0.48705113000603256
0.25,2.0,21.022039639,22.888706305666666,0.4870458112543767
0.25,2.0,21.022039639,22.915372972333333,0.4870405109013618
0.25,2.0,21.022039639,22.942039639,0.487035228862473
0.25,2.0,21.022039639,22.968706305666664,0.48702996505367985
0.25,2.0,21.022039639,22.99537297233333,0.48702471939143094
0.25,2.0,21.022039639,23.022039639,0.4870194917926531
0.25,2.0,25.01085758,23.01085758,0.4870216816732315
0.25,2.0,25.01085758,23.037524246666667,0.4870164645254819
0.25,2.0,25.01085758,23.064190913333334,0.4870112653108562
0.25,2.0,25.01085758,23.090857579999998,0.4870060839474965
0.25,2.0,25.01085758,23.117524246666665,0.4870009203540111
0.25,2.0,25.01085758,23.144190913333333,0.48699577444947045
0.25,2.0,25.01085758,23.17085758,0.4869906461534037
0.25,2.0,25.01085758,23.197524246666667,0.4869855353857969
0.25,2.0,25.01085758,23.224190913333334,0.4869804420670886
0.25,2.0,25.01085758,23.250857579999998,0.48697536611816744
0.25,2.0,25.01085758,23.277524246666665,0.4869703074603689
0.25,2.0,25.01085758,23.304190913333333,0.48696526601547235
0.25,2.0,25.01085758,23.33085758,0.4869602417056981
0.25,2.0,25.01085758,23.357524246666667,0.48695523445370403
0.25,2.0,25.01085758,23.384190913333335,0.48695024418258365
0.25,2.0,25.01085758,23.41085758,0.4869452708158621
0.25,2.0,25.01085758,23.437524246666666,0.4869403142774932
0.25,2.0,25.01085758,23.464190913333333,0.4869353744918579
0.25,2.0,25.01085758,23.49085758,0.4869304513837601
0.25,2.0,25.01085758,23.517524246666667,0.48692554487842427
0.25,2.0,25.01085758,23.544190913333335,0.48692065490149244
0.25,2.0,25.01085758,23.57085758,0.48691578137902186
0.25,2.0,25.01085758,23.597524246666666,0.48691092423748206
0.25,2.0,25.01085758,23.624190913333333,0.4869060834037518
0.25,2.0,25.01085758,23.65085758,0.4869012588051164
0.25,2.0,25.01085758,23.677524246666668,0.48689645036926565
0.25,2.0,25.01085758,23.704190913333335,0.48689165802429024
0.25,2.0,25.01085758,23.73085758,0.48688688169867983
0.25,2.0,25.01085758,23.757524246666666,0.48688212132131964
0.25,2.0,25.01085758,23.784190913333333,0.4868773768214887
0.25,2.0,25.01085758,23.81085758,0.4868726481288568
0.25,2.0,25.01085758,23.837524246666668,0.48686793517348187
0.25,2.0,25.01085758,23.86419091333333,0.4868632378858071
0.25,2.0,25.01085758,23.89085758,0.48685855619665946
0.25,2.0,25.01085758,23.917524246666666,0.4868538900372462
0.25,2.0,25.01085758,23.944190913333333,0.48684923933915225
0.25,2.0,25.01085758,23.97085758,0.48684460403433877
0.25,2.0,25.01085758,23.997524246666668,0.4868399840551396
0.25,2.0,25.01085758,24.02419091333333,0.4868353793342595
0.25,2.0,25.01085758,24.05085758,0.48683078980477135
0.25,2.0,25.01085758,24.077524246666666,0.48682621540011395
0.25,2.0,25.01085758,24.104190913333333,0.48682165605408906
0.25,2.0,25.01085758,24.13085758,0.48681711170086045
0.25,2.0,25.01085758,24.157524246666668,0.4868125822749497
0.25,2.0,25.01085758,24.18419091333333,0.48680806771123536
0.25,2.0,25.01085758,24.21085758,0.48680356794494983
0.25,2.0,25.01085758,24.237524246666666,0.4867990829116769
0.25,2.0,25.01085758,24.264190913333334,0.4867946125473506
0.25,2.0,25.01085758,24.29085758,0.48679015678825155
0.25,2.0,25.01085758,24.317524246666665,0.4867857155710053
0.25,2.0,25.01085758,24.344190913333332,0.48678128883258076
0.25,2.0,25.01085758,24.37085758,0.4867768765102864
0.25,2.0,25.01085758,24.397524246666666,0.48677247854176986
0.25,2.0,25.01085758,24.424190913333334,0.4867680948650142
0.25,2.0,25.01085758,24.45085758,0.48676372541833707
0.25,2.0,25.01085758,24.47752424666667,0.4867593701403872
0.25,2.0,25.01085758,24.504190913333332,0.4867550289701436
0.25,2.0,25.01085758,24.53085758,0.4867507018469124
0.25,2.0,25.01085758,24.557524246666667,0.48674638871032566
0.25,2.0,25.01085758,24.584190913333334,0.4867420895003382
0.25,2.0,25.01085758,24.61085758,0.48673780415722645
0.25,2.0,25.01085758,24.637524246666665,0.48673353262158603
0.25,2.0,25.01085758,24.664190913333332,0.4867292748343299
0.25,2.0,25.01085758,24.69085758,0.4867250307366856
0.25,2.0,25.01085758,24.717524246666667,0.4867208002701946
0.25,2.0,25.01085758,24.744190913333334,0.48671658337670887
0.25,2.0,25.01085758,24.77085758,0.48671237999839007
0.25,2.0,25.01085758,24.797524246666665,0.48670819007770644
0.25,2.0,25.01085758,24.824190913333332,0.4867040135574323
0.25,2.0,25.01085758,24.85085758,0.48669985038064434
0.25,2.0,25.01085758,24.877524246666667,0.48669570049072136
0.25,2.0,25.01085758,24.904190913333334,0.4866915638313412
0.25,2.0,25.01085758,24.93085758,0.48668744034647976
0.25,2.0,25.01085758,24.957524246666665,0.4866833299804082
0.25,2.0,25.01085758,24.984190913333332,0.48667923267769153
0.25,2.0,25.01085758,25.01085758,0.486675148383187
0.25,2.0,25.01085758,25.037524246666667,0.48667107704204216
0.25,2.0,25.01085758,25.064190913333334,0.4866670185996922
0.25,2.0,25.01085758,25.090857579999998,0.4866629730018593
0.25,2.0,25.01085758,25.117524246666665,0.48665894019455036
0.25,2.0,25.01085758,25.144190913333333,0.48665492012405515
0.25,2.0,25.01085758,25.17085758,0.4866509127369444
0.25,2.0,25.01085758,25.197524246666667,0.48664691798006837
0.25,2.0,25.01085758,25.224190913333334,0.486642935800555
0.25,2.0,25.01085758,25.25085758,0.48663896614580804
0.25,2.0,25.01085758,25.277524246666665,0.4866350089635055
0.25,2.0,25.01085758,25.304190913333333,0.4866310642015977
0.25,2.0,25.01085758,25.33085758,0.4866271318083058
0.25,2.0,25.01085758,25.357524246666667,0.48662321173212014
0.25,2.0,25.01085758,25.384190913333335,0.4866193039217986
0.25,2.0,25.01085758,25.41085758,0.48661540832636424
0.25,2.0,25.01085758,25.437524246666666,0.4866115248951049
0.25,2.0,25.01085758,25.464190913333333,0.48660765357757046
0.25,2.0,25.01085758,25.49085758,0.48660379432357187
0.25,2.0,25.01085758,25.517524246666667,0.4865999470831791
0.25,2.0,25.01085758,25.544190913333335,0.48659611180671986
0.25,2.0,25.01085758,25.57085758,0.48659228844477787
0.25,2.0,25.01085758,25.597524246666666,0.48658847694819135
0.25,2.0,25.01085758,25.624190913333333,0.4865846772680515
0.25,2.0,25.01085758,25.65085758,0.4865808893557005
0.25,2.0,25.01085758,25.677524246666668,0.4865771131627305
0.25,2.0,25.01085758,25.704190913333335,0.4865733486409821
0.25,2.0,25.01085758,25.73085758,0.4865695957425425
0.25,2.0,25.01085758,25.757524246666666,0.486565854419744
0.25,2.0,25.01085758,25.784190913333333,0.4865621246251627
0.25,2.0,25.01085758,25.81085758,0.48655840631161684
0.25,2.0,25.01085758,25.837524246666668,0.48655469943216556
0.25,2.0,25.01085758,25.86419091333333,0.48655100394010714
0.25,2.0,25.01085758,25.89085758,0.4865473197889777
0.25,2.0,25.01085758,25.917524246666666,0.4865436469325499
0.25,2.0,25.01085758,25.944190913333333,0.486539985324831
0.25,2.0,25.01085758,25.97085758,0.4865363349200621
0.25,2.0,25.01085758,25.997524246666668,0.48653269567271595
0.25,2.0,25.01085758,26.024190913333335,0.4865290675374964
0.25,2.0,25.01085758,26.05085758,0.48652545046933665
0.25,2.0,25.01085758,26.077524246666666,0.486521844423397
0.25,2.0,25.01085758,26.104190913333333,0.48651824935506494
0.25,2.0,25.01085758,26.13085758,0.4865146652199533
0.25,2.0,25.01085758,26.157524246666668,0.4865110919738981
0.25,2.0,25.01085758,26.18419091333333,0.4865075295729579
0.25,2.0,25.01085758,26.21085758,0.4865039779734123
0.25,2.0,25.01085758,26.237524246666666,0.4865004371317615
0.25,2.0,25.01085758,26.264190913333334,0.48649690700472265
0.25,2.0,25.01085758,26.29085758,0.4864933875492313
0.25,2.0,25.01085758,26.317524246666668,0.48648987872243793
0.25,2.0,25.01085758,26.344190913333332,0.48648638048170845
0.25,2.0,25.01085758,26.37085758,0.48648289278462126
0.25,2.0,25.01085758,26.397524246666666,0.4864794155889668
0.25,2.0,25.01085758,26.424190913333334,0.4864759488527464
0.25,2.0,25.01085758,26.45085758,0.4864724925341711
0.25,2.0,25.01085758,26.47752424666667,0.48646904659165957
0.25,2.0,25.01085758,26.504190913333332,0.4864656109838375
0.25,2.0,25.01085758,26.53085758,0.4864621856695367
0.25,2.0,25.01085758,26.557524246666667,0.48645877060779324
0.25,2.0,25.01085758,26.584190913333334,0.48645536575784626
0.25,2.0,25.01085758,26.61085758,0.4864519710791374
0.25,2.0,25.01085758,26.637524246666665,0.4864485865313086
0.25,2.0,25.01085758,26.664190913333332,0.48644521207420216
0.25,2.0,25.01085758,26.69085758,0.4864418476678581
0.25,2.0,25.01085758,26.717524246666667,0.48643849327251437
0.25,2.0,25.01085758,26.744190913333334,0.486435148848605
0.25,2.0,25.01085758,26.77085758,0.48643181435675864
0.25,2.0,25.01085758,26.79752424666667,0.48642848975779823
0.25,2.0,25.01085758,26.824190913333332,0.4864251750127391
0.25,2.0,25.01085758,26.85085758,0.48642187008278803
0.25,2.0,25.01085758,26.877524246666667,0.486418574929343
0.25,2.0,25.01085758,26.904190913333334,0.48641528951399043
0.25,2.0,25.01085758,26.93085758,0.48641201379850535
0.25,2.0,25.01085758,26.957524246666665,0.48640874774484993
0.25,2.0,25.01085758,26.984190913333332,0.4864054913151722
0.25,2.0,25.01085758,27.01085758,0.48640224447180513
0.4,2.0,14.134725141,12.134725141,0.49279742037603197
0.4,2.0,14.134725141,12.161391807666668,0.4927629135079299
0.4,2.0,14.134725141,12.188058474333333,0.4927286265295866
0.4,2.0,14.134725141,12.214725141,0.4926945575905964
0.4,2.0,14.134725141,12.241391807666668,0.49266070485982755
0.4,2.0,14.134725141,12.268058474333333,0.4926270665251839
0.4,2.0,14.134725141,12.294725141,0.49259364079337004
0.4,2.0,14.134725141,12.321391807666668,0.49256042588965937
0.4,2.0,14.134725141,12.348058474333333,0.4925274200576659
0.4,2.0,14.134725141,12.374725141,0.49249462155911905
0.4,2.0,14.134725141,12.401391807666668,0.49246202867364125
0.4,2.0,14.134725141,12.428058474333334,0.4924296396985297
0.4,2.0,14.134725141,12.454725141,0.49239745294854015
0.4,2.0,14.134725141,12.481391807666668,0.49236546675567444
0.4,2.0,14.134725141,12.508058474333334,0.4923336794689708
0.4,2.0,14.134725141,12.534725141000001,0.49230208945429654
0.4,2.0,14.134725141,12.561391807666666,0.49227069509414556
0.4,2.0,14.134725141,12.588058474333334,0.4922394947874351
0.4,2.0,14.134725141,12.614725141000001,0.4922084869493101
0.4,2.0,14.134725141,12.641391807666666,0.4921776700109454
0.4,2.0,14.134725141,12.668058474333334,0.4921470424193548
0.4,2.0,14.134725141,12.694725141000001,0.49211660263719975
0.4,2.0,14.134725141,12.721391807666667,0.4920863491426027
0.4,2.0,14.134725141,12.748058474333334,0.49205628042896193
0.4,2.0,14.134725141,12.774725141000001,0.4920263950047693
0.4,2.0,14.134725141,12.801391807666667,0.4919966913934308
0.4,2.0,14.134725141,12.828058474333334,0.49196716813308844
0.4,2.0,14.134725141,12.854725141000001,0.4919378237764465
0.4,2.0,14.134725141,12.881391807666667,0.49190865689059815
0.4,2.0,14.134725141,12.908058474333334,0.49187966605685624
0.4,2.0,14.134725141,12.934725141000001,0.4918508498705841
0.4,2.0,14.134725141,12.961391807666667,0.4918222069410317
0.4,2.0,14.134725141,12.988058474333334,0.4917937358911715
0.4,2.0,14.134725141,13.014725141000001,0.4917654353575373
0.4,2.0,14.134725141,13.041391807666667,0.49173730399006604
0.4,2.0,14.134725141,13.068058474333334,0.49170934045194087
0.4,2.0,14.134725141,13.094725141000001,0.491681543419436
0.4,2.0,14.134725141,13.121391807666667,0.4916539115817651
0.4,2.0,14.134725141,13.148058474333334,0.4916264436409304
0.4,2.0,14.134725141,13.174725141,0.49159913831157426
0.4,2.0,14.134725141,13.201391807666667,0.49157199432083304
0.4,2.0,14.134725141,13.228058474333334,0.4915450104081924
0.4,2.0,14.134725141,13.254725141000002,0.49151818532534447
0.4,2.0,14.134725141,13.281391807666667,0.4914915178360481
0.4,2.0,14.134725141,13.308058474333334,0.4914650067159896
0.4,2.0,14.134725141,13.334725141,0.49143865075264526
0.4,2.0,14.134725141,13.361391807666667,0.4914124487451475
0.4,2.0,14.134725141,13.388058474333334,0.49138639950415036
0.4,2.0,14.134725141,13.414725141,0.4913605018516988
0.4,2.0,14.134725141,13.441391807666667,0.4913347546210988
0.4,2.0,14.134725141,13.468058474333334,0.4913091566567886
0.4,2.0,14.134725141,13.494725141,0.49128370681421296
0.4,2.0,14.134725141,13.521391807666667,0.49125840395969833
0.4,2.0,14.134725141,13.548058474333335,0.4912332469703296
0.4,2.0,14.134725141,13.574725141,0.49120823473382863
0.4,2.0,14.134725141,13.601391807666667,0.4911833661484344
0.4,2.0,14.134725141,13.628058474333335,0.4911586401227844
0.4,2.0,14.134725141,13.654725141,0.4911340555757982
0.4,2.0,14.134725141,13.681391807666667,0.4911096114365619
0.4,2.0,14.134725141,13.708058474333335,0.49108530664421474
0.4,2.0,14.134725141,13.734725141,0.4910611401478359
0.4,2.0,14.134725141,13.761391807666667,0.49103711090633484
0.4,2.0,14.134725141,13.788058474333335,0.49101321788834057
0.4,2.0,14.134725141,13.814725141,0.4909894600720948
0.4,2.0,14.134725141,13.841391807666668,0.49096583644534436
0.4,2.0,14.134725141,13.868058474333335,0.49094234600523673
0.4,2.0,14.134725141,13.894725141,0.49091898775821535
0.4,2.0,14.134725141,13.921391807666668,0.49089576071991775
0.4,2.0,14.134725141,13.948058474333333,0.4908726639150736
0.4,2.0,14.134725141,13.974725141,0.49084969637740533
0.4,2.0,14.134725141,14.001391807666668,0.4908268571495288
0.4,2.0,14.134725141,14.028058474333335,0.4908041452828565
0.4,2.0,14.134725141,14.054725141,0.4907815598375006
0.4,2.0,14.134725141,14.081391807666668,0.49075909988217864
0.4,2.0,14.134725141,14.108058474333333,0.4907367644941193
0.4,2.0,14.134725141,14.134725141,0.49071455275896986
0.4,2.0,14.134725141,14.161391807666668,0.4906924637707045
0.4,2.0,14.134725141,14.188058474333335,0.49067049663153495
0.4,2.0,14.134725141,14.214725141,0.49064865045181955
0.4,2.0,14.134725141,14.241391807666668,0.4906269243499772
0.4,2.0,14.134725141,14.268058474333333,0.4906053174523988
0.4,2.0,14.134725141,14.294725141,0.4905838288933625
0.4,2.0,14.134725141,14.321391807666668,0.490562457814948
0.4,2.0,14.134725141,14.348058474333333,0.4905412033669538
0.4,2.0,14.134725141,14.374725141,0.4905200647068135
0.4,2.0,14.134725141,14.401391807666666,0.4904990409995142
0.4,2.0,14.134725141,14.428058474333334,0.4904781314175171
0.4,2.0,14.134725141,14.454725141,0.49045733514067624
0.4,2.0,14.134725141,14.481391807666668,0.49043665135616077
0.4,2.0,14.134725141,14.508058474333334,0.49041607925837677
0.4,2.0,14.134725141,14.534725141000001,0.4903956180488911
0.4,2.0,14.134725141,14.561391807666666,0.4903752669363544
0.4,2.0,14.134725141,14.588058474333334,0.4903550251364278
0.4,2.0,14.134725141,14.614725141000001,0.49033489187170737
0.4,2.0,14.134725141,14.641391807666668,0.49031486637165256
0.4,2.0,14.134725141,14.668058474333334,0.4902949478725124
0.4,2.0,14.134725141,14.694725141000001,0.49027513561725583
0.4,2.0,14.134725141,14.721391807666667,0.4902554288555
0.4,2.0,14.134725141,14.748058474333334,0.4902358268434413
0.4,2.0,14.134725141,14.774725141000001,0.4902163288437868
0.4,2.0,14.134725141,14.801391807666668,0.4901969341256857
0.4,2.0,14.134725141,14.828058474333334,0.49017764196466296
0.4,2.0,14.134725141,14.854725141000001,0.4901584516425524
0.4,2.0,14.134725141,14.881391807666667,0.4901393624474316
0.4,2.0,14.134725141,14.908058474333334,0.4901203736735574
0.4,2.0,14.134725141,14.934725141000001,0.4901014846213014
0.4,2.0,14.134725141,14.961391807666667,0.49008269459708714
0.4,2.0,14.134725141,14.988058474333334,0.490064002913328
0.4,2.0,14.134725141,15.014725141000001,0.49004540888836506
0.4,2.0,14.134725141,15.041391807666667,0.49002691184640634
0.4,2.0,14.134725141,15.068058474333334,0.490008511117467
0.4,2.0,14.134725141,15.094725141000001,0.48999020603730914
0.4,2.0,14.134725141,15.121391807666667,0.48997199594738383
0.4,2.0,14.134725141,15.148058474333334,0.4899538801947723
0.4,2.0,14.134725141,15.174725141,0.48993585813212903
0.4,2.0,14.134725141,15.201391807666667,0.4899179291176252
0.4,2.0,14.134725141,15.228058474333334,0.48990009251489225
0.4,2.0,14.134725141,15.254725141000002,0.4898823476929664
0.4,2.0,14.134725141,15.281391807666667,0.4898646940262344
0.4,2.0,14.134725141,15.308058474333334,0.48984713089437926
0.4,2.0,14.134725141,15.334725141,0.48982965768232684
0.4,2.0,14.134725141,15.361391807666667,0.48981227378019243
0.4,2.0,14.134725141,15.388058474333334,0.4897949785832296
0.4,2.0,14.134725141,15.414725141000002,0.48977777149177815
0.4,2.0,14.134725141,15.441391807666667,0.48976065191121276
0.4,2.0,14.134725141,15.468058474333334,0.48974361925189264
0.4,2.0,14.134725141,15.494725141,0.4897266729291122
0.4,2.0,14.134725141,15.521391807666667,0.4897098123630518
0.4,2.0,14.134725141,15.548058474333335,0.4896930369787283
0.4,2.0,14.134725141,15.574725141000002,0.4896763462059475
0.4,2.0,14.134725141,15.601391807666667,0.48965973947925706
0.4,2.0,14.134725141,15.628058474333335,0.48964321623789847
0.4,2.0,14.134725141,15.654725141,0.48962677592576115
0.4,2.0,14.134725141,15.681391807666667,0.4896104179913366
0.4,2.0,14.134725141,15.708058474333335,0.4895941418876727
0.4,2.0,14.134725141,15.734725141,0.4895779470723291
0.4,2.0,14.134725141,15.761391807666667,0.4895618330073323
0.4,2.0,14.134725141,15.788058474333335,0.4895457991591329
0.4,2.0,14.134725141,15.814725141,0.4895298449985609
0.4,2.0,14.134725141,15.841391807666668,0.48951397000078345
0.4,2.0,14.134725141,15.868058474333335,0.48949817364526266
0.4,2.0,14.134725141,15.894725141,0.4894824554157134
0.4,2.0,14.134725141,15.921391807666668,0.48946681480006177
0.4,2.0,14.134725141,15.948058474333333,0.4894512512904046
0.4,2.0,14.134725141,15.974725141,0.48943576438296843
0.4,2.0,14.134725141,16.001391807666668,0.4894203535780691
0.4,2.0,14.134725141,16.028058474333335,0.48940501838007383
0.4,2.0,14.134725141,16.054725141000002,0.48938975829736
0.4,2.0,14.134725141,16.081391807666666,0.4893745728422778
0.4,2.0,14.134725141,16.108058474333333,0.48935946153111115
0.4,2.0,14.134725141,16.134725141,0.4893444238840406
0.4,2.0,21.022039639,19.022039639,0.4880670099962098
0.4,2.0,21.022039639,19.048706305666666,0.48805781301406187
0.4,2.0,21.022039639,19.075372972333334,0.48804865413891907
0.4,2.0,21.022039639,19.102039638999997,0.4880395331612288
0.4,2.0,21.022039639,19.128706305666665,0.48803044987287175
0.4,2.0,21.022039639,19.155372972333332,0.4880214040671519
0.4,2.0,21.022039639,19.182039639,0.48801239553878395
0.4,2.0,21.022039639,19.208706305666666,0.4880034240838816
0.4,2.0,21.022039639,19.235372972333334,0.4879944894999468
0.4,2.0,21.022039639,19.262039638999997,0.48798559158585847
0.4,2.0,21.022039639,19.288706305666665,0.48797673014186077
0.4,2.0,21.022039639,19.315372972333332,0.4879679049695521
0.4,2.0,21.022039639,19.342039639,0.48795911587187496
0.4,2.0,21.022039639,19.368706305666667,0.48795036265310376
0.4,2.0,21.022039639,19.395372972333334,0.48794164511883525
0.4,2.0,21.022039639,19.422039638999998,0.48793296307597706
0.4,2.0,21.022039639,19.448706305666665,0.4879243163327374
0.4,2.0,21.022039639,19.475372972333332,0.4879157046986151
0.4,2.0,21.022039639,19.502039639,0.487907127984388
0.4,2.0,21.022039639,19.528706305666667,0.48789858600210423
0.4,2.0,21.022039639,19.555372972333334,0.4878900785650704
0.4,2.0,21.022039639,19.582039638999998,0.4878816054878431
0.4,2.0,21.022039639,19.608706305666665,0.4878731665862178
0.4,2.0,21.022039639,19.635372972333332,0.4878647616772193
0.4,2.0,21.022039639,19.662039639,0.4878563905790923
0.4,2.0,21.022039639,19.688706305666667,0.48784805311129054
0.4,2.0,21.022039639,19.715372972333334,0.48783974909446876
0.4,2.0,21.022039639,19.742039638999998,0.48783147835047236
0.4,2.0,21.022039639,19.768706305666665,0.48782324070232735
0.4,2.0,21.022039639,19.795372972333332,0.48781503597423204
0.4,2.0,21.022039639,19.822039639,0.4878068639915474
0.4,2.0,21.022039639,19.848706305666667,0.4877987245807876
0.4,2.0,21.022039639,19.87537297233333,0.4877906175696111
0.4,2.0,21.022039639,19.902039638999998,0.48778254278681193
0.4,2.0,21.022039639,19.928706305666665,0.4877745000623103
0.4,2.0,21.022039639,19.955372972333333,0.48776648922714366
0.4,2.0,21.022039639,19.982039639,0.48775851011345867
0.4,2.0,21.022039639,20.008706305666667,0.48775056255450144
0.4,2.0,21.022039639,20.03537297233333,0.48774264638460996
0.4,2.0,21.022039639,20.062039638999998,0.48773476143920536
0.4,2.0,21.022039639,20.088706305666665,0.48772690755478204
0.4,2.0,21.022039639,20.115372972333333,0.4877190845689015
0.4,2.0,21.022039639,20.142039639,0.48771129232018273
0.4,2.0,21.022039639,20.168706305666667,0.48770353064829364
0.4,2.0,21.022039639,20.19537297233333,0.4876957993939446
0.4,2.0,21.022039639,20.222039639,0.487688098398878
0.4,2.0,21.022039639,20.248706305666666,0.4876804275058622
0.4,2.0,21.022039639,20.275372972333333,0.4876727865586827
0.4,2.0,21.022039639,20.302039639,0.48766517540213444
0.4,2.0,21.022039639,20.328706305666664,0.48765759388201396
0.4,2.0,21.022039639,20.35537297233333,0.4876500418451116
0.4,2.0,21.022039639,20.382039639,0.48764251913920414
0.4,2.0,21.022039639,20.408706305666666,0.48763502561304733
0.4,2.0,21.022039639,20.435372972333333,0.48762756111636707
0.4,2.0,21.022039639,20.462039639,0.4876201254998541
0.4,2.0,21.022039639,20.488706305666668,0.48761271861515465
0.4,2.0,21.022039639,20.51537297233333,0.4876053403148646
0.4,2.0,21.022039639,20.542039639,0.4875979904525206
0.4,2.0,21.022039639,20.568706305666666,0.4875906688825951
0.4,2.0,21.022039639,20.595372972333333,0.48758337546048675
0.4,2.0,21.022039639,20.622039639,0.48757611004251533
0.4,2.0,21.022039639,20.648706305666664,0.48756887248591385
0.4,2.0,21.022039639,20.67537297233333,0.4875616626488214
0.4,2.0,21.022039639,20.702039639,0.4875544803902767
0.4,2.0,21.022039639,20.728706305666666,0.48754732557021135
0.4,2.0,21.022039639,20.755372972333333,0.487540198049443
0.4,2.0,21.022039639,20.782039639,0.48753309768966807
0.4,2.0,21.022039639,20.808706305666664,0.48752602435345604
0.4,2.0,21.022039639,20.83537297233333,0.487518977904242
0.4,2.0,21.022039639,20.862039639,0.48751195820632126
0.4,2.0,21.022039639,20.888706305666666,0.48750496512484115
0.4,2.0,21.022039639,20.915372972333333,0.4874979985257965
0.4,2.0,21.022039639,20.942039639,0.4874910582760221
0.4,2.0,21.022039639,20.968706305666664,0.48748414424318653
0.4,2.0,21.022039639,20.99537297233333,0.48747725629578637
0.4,2.0,21.022039639,21.022039639,0.48747039430313965
0.4,2.0,21.022039639,21.048706305666666,0.4874635581353795
0.4,2.0,21.022039639,21.075372972333334,0.4874567476634491
0.4,2.0,21.022039639,21.102039638999997,0.48744996275909425
0.4,2.0,21.022039639,21.128706305666665,0.48744320329485824
0.4,2.0,21.022039639,21.155372972333332,0.48743646914407596
0.4,2.0,21.022039639,21.182039639,0.4874297601808675
0.4,2.0,21.022039639,21.208706305666666,0.4874230762801329
0.4,2.0,21.022039639,21.235372972333334,0.48741641731754604
0.4,2.0,21.022039639,21.262039639,0.48740978316954886
0.4,2.0,21.022039639,21.288706305666665,0.48740317371334585
0.4,2.0,21.022039639,21.315372972333332,0.48739658882689857
0.4,2.0,21.022039639,21.342039639,0.48739002838891976
0.4,2.0,21.022039639,21.368706305666667,0.4873834922788681
0.4,2.0,21.022039639,21.395372972333334,0.4873769803769422
0.4,2.0,21.022039639,21.422039638999998,0.48737049256407583
0.4,2.0,21.022039639,21.448706305666665,0.4873640287219321
0.4,2.0,21.022039639,21.475372972333332,0.48735758873289864
0.4,2.0,21.022039639,21.502039639,0.48735117248008125
0.4,2.0,21.022039639,21.528706305666667,0.4873447798472995
0.4,2.0,21.022039639,21.555372972333334,0.48733841071908196
0.4,2.0,21.022039639,21.582039638999998,0.4873320649806598
0.4,2.0,21.022039639,21.608706305666665,0.48732574251796207
0.4,2.0,21.022039639,21.635372972333332,0.4873194432176115
0.4,2.0,21.022039639,21.662039639,0.48731316696691823
0.4,2.0,21.022039639,21.688706305666667,0.4873069136538757
0.4,2.0,21.022039639,21.715372972333334,0.48730068316715547
0.4,2.0,21.022039639,21.742039638999998,0.4872944753961016
0.4,2.0,21.022039639,21.768706305666665,0.4872882902307273
0.4,2.0,21.022039639,21.795372972333332,0.4872821275617086
0.4,2.0,21.022039639,21.822039639,0.48727598728038024
0.4,2.0,21.022039639,21.848706305666667,0.487269869278731
0.4,2.0,21.022039639,21.87537297233333,0.48726377344939903
0.4,2.0,21.022039639,21.902039638999998,0.48725769968566623
0.4,2.0,21.022039639,21.928706305666665,0.4872516478814558
0.4,2.0,21.022039639,21.955372972333333,0.487245617931325
0.4,2.0,21.022039639,21.982039639,0.4872396097304621
0.4,2.0,21.022039639,22.008706305666667,0.4872336231746821
0.4,2.0,21.022039639,22.035372972333334,0.4872276581604214
0.4,2.0,21.022039639,22.062039638999998,0.4872217145847339
0.4,2.0,21.022039639,22.088706305666665,0.4872157923452861
0.4,2.0,21.022039639,22.115372972333333,0.4872098913403538
0.4,2.0,21.022039639,22.142039639,0.4872040114688162
0.4,2.0,21.022039639,22.168706305666667,0.4871981526301532
0.4,2.0,21.022039639,22.19537297233333,0.48719231472443947
0.4,2.0,21.022039639,22.222039639,0.48718649765234256
0.4,2.0,21.022039639,22.248706305666666,0.4871807013151158
0.4,2.0,21.022039639,22.275372972333333,0.48717492561459663
0.4,2.0,21.022039639,22.302039639,0.48716917045320135
0.4,2.0,21.022039639,22.328706305666667,0.48716343573392085
0.4,2.0,21.022039639,22.35537297233333,0.48715772136031715
0.4,2.0,21.022039639,22.382039639,0.4871520272365193
0.4,2.0,21.022039639,22.408706305666666,0.4871463532672185
0.4,2.0,21.022039639,22.435372972333333,0.4871406993576662
0.4,2.0,21.022039639,22.462039639,0.4871350654136676
0.4,2.0,21.022039639,22.488706305666668,0.4871294513415796
0.4,2.0,21.022039639,22.51537297233333,0.4871238570483062
0.4,2.0,21.022039639,22.542039639,0.48711828244129496
0.4,2.0,21.022039639,22.568706305666666,0.487112727428533
0.4,2.0,21.022039639,22.595372972333333,0.48710719191854335
0.4,2.0,21.022039639,22.622039639,0.4871016758203812
0.4,2.0,21.022039639,22.648706305666664,0.4870961790436303
0.4,2.0,21.022039639,22.67537297233333,0.48709070149839884
0.4,2.0,21.022039639,22.702039639,0.4870852430953164
0.4,2.0,21.022039639,22.728706305666666,0.48707980374553
0.4,2.0,21.022039639,22.755372972333333,0.48707438336070075
0.4,2.0,21.022039639,22.782039639,0.48706898185299974
0.4,2.0,21.022039639,22.808706305666668,0.48706359913510544
0.4,2.0,21.022039639,22.83537297233333,0.48705823512019925
0.4,2.0,21.022039639,22.862039639,0.4870528897219627
0.4,2.0,21.022039639,22.888706305666666,0.4870475628545736
0.4,2.0,21.022039639,22.915372972333333,0.4870422544327028
0.4,2.0,21.022039639,22.942039639,0.48703696437151084
0.4,2.0,21.022039639,22.968706305666664,0.48703169258664486
0.4,2.0,21.022039639,22.99537297233333,0.4870264389942341
0.4,2.0,21.022039639,23.022039639,0.48702120351088823
0.4,2.0,25.01085758,23.01085758,0.48702339669214995
0.4,2.0,25.01085758,23.037524246666667,0.4870181716861632
0.4,2.0,25.01085758,23.064190913333334,0.48701296465839833
0.4,2.0,25.01085758,23.090857579999998,0.4870077755266872
0.4,2.0,25.01085758,23.117524246666665,0.48700260420933034
0.4,2.0,25.01085758,23.144190913333333,0.4869974506250922
0.4,2.0,25.01085758,23.17085758,0.4869923146931993
0.4,2.0,25.01085758,23.197524246666667,0.48698719633333726
0.4,2.0,25.01085758,23.224190913333334,0.48698209546564586
0.4,2.0,25.01085758,23.250857579999998,0.4869770120107183
0.4,2.0,25.01085758,23.277524246666665,0.48697194588959647
0.4,2.0,25.01085758,23.304190913333333,0.4869668970237687
0.4,2.0,25.01085758,23.33085758,0.48696186533516633
0.4,2.0,25.01085758,23.357524246666667,0.48695685074616096
0.4,2.0,25.01085758,23.384190913333335,0.4869518531795615
0.4,2.0,25.01085758,23.41085758,0.48694687255861124
0.4,2.0,25.01085758,23.437524246666666,0.48694190880698446
0.4,2.0,25.01085758,23.464190913333333,0.48693696184878404
0.4,2.0,25.01085758,23.49085758,0.48693203160853893
0.4,2.0,25.01085758,23.517524246666667,0.4869271180112003
0.4,2.0,25.01085758,23.544190913333335,0.486922220982139
0.4,2.0,25.01085758,23.57085758,0.4869173404471437
0.4,2.0,25.01085758,23.597524246666666,0.4869124763324167
0.4,2.0,25.01085758,23.624190913333333,0.4869076285645722
0.4,2.0,25.01085758,23.65085758,0.486902797070633
0.4,2.0,25.01085758,23.677524246666668,0.4868979817780283
0.4,2.0,25.01085758,23.704190913333335,0.4868931826145902
0.4,2.0,25.01085758,23.73085758,0.48688839950855173
0.4,2.0,25.01085758,23.757524246666666,0.4868836323885439
0.4,2.0,25.01085758,23.784190913333333,0.4868788811835931
0.4,2.0,25.01085758,23.81085758,0.48687414582311817
0.4,2.0,25.01085758,23.837524246666668,0.4868694262369291
0.4,2.0,25.01085758,23.86419091333333,0.4868647223552219
0.4,2.0,25.01085758,23.89085758,0.486860034108579
0.4,2.0,25.01085758,23.917524246666666,0.48685536142796454
0.4,2.0,25.01085758,23.944190913333333,0.4868507042447228
0.4,2.0,25.01085758,23.97085758,0.4868460624905756
0.4,2.0,25.01085758,23.997524246666668,0.4868414360976197
0.4,2.0,25.01085758,24.02419091333333,0.4868368249983243
0.4,2.0,25.01085758,24.05085758,0.48683222912552854
0.4,2.0,25.01085758,24.077524246666666,0.4868276484124396
0.4,2.0,25.01085758,24.104190913333333,0.4868230827926291
0.4,2.0,25.01085758,24.13085758,0.48681853220003257
0.4,2.0,25.01085758,24.157524246666668,0.48681399656894514
0.4,2.0,25.01085758,24.18419091333333,0.48680947583402046
0.4,2.0,25.01085758,24.21085758,0.48680496993026795
0.4,2.0,25.01085758,24.237524246666666,0.48680047879304994
0.4,2.0,25.01085758,24.264190913333334,0.48679600235808096
0.4,2.0,25.01085758,24.29085758,0.48679154056142354
0.4,2.0,25.01085758,24.317524246666665,0.486787093339487
0.4,2.0,25.01085758,24.344190913333332,0.4867826606290255
0.4,2.0,25.01085758,24.37085758,0.4867782423671345
0.4,2.0,25.01085758,24.397524246666666,0.4867738384912503
0.4,2.0,25.01085758,24.424190913333334,0.4867694489391459
0.4,2.0,25.01085758,24.45085758,0.486765073648931
0.4,2.0,25.01085758,24.47752424666667,0.48676071255904774
0.4,2.0,25.01085758,24.504190913333332,0.48675636560826974
0.4,2.0,25.01085758,24.53085758,0.4867520327356999
0.4,2.0,25.01085758,24.557524246666667,0.4867477138807681
0.4,2.0,25.01085758,24.584190913333334,0.48674340898322893
0.4,2.0,25.01085758,24.61085758,0.4867391179831596
0.4,2.0,25.01085758,24.637524246666665,0.4867348408209585
0.4,2.0,25.01085758,24.664190913333332,0.48673057743734244
0.4,2.0,25.01085758,24.69085758,0.48672632777334474
0.4,2.0,25.01085758,24.717524246666667,0.4867220917703134
0.4,2.0,25.01085758,24.744190913333334,0.48671786936990913
0.4,2.0,25.01085758,24.77085758,0.4867136605141035
0.4,2.0,25.01085758,24.797524246666665,0.48670946514517566
0.4,2.0,25.01085758,24.824190913333332,0.48670528320571294
0.4,2.0,25.01085758,24.85085758,0.48670111463860605
0.4,2.0,25.01085758,24.877524246666667,0.48669695938704916
0.4,2.0,25.01085758,24.904190913333334,0.48669281739453707
0.4,2.0,25.01085758,24.93085758,0.48668868860486364
0.4,2.0,25.01085758,24.957524246666665,0.48668457296212
0.4,2.0,25.01085758,24.984190913333332,0.4866804704106916
0.4,2.0,25.01085758,25.01085758,0.4866763808952584
0.4,2.0,25.01085758,25.037524246666667,0.48667230436079095
0.4,2.0,25.01085758,25.064190913333334,0.4866682407525497
0.4,2.0,25.01085758,25.090857579999998,0.4866641900160829
0.4,2.0,25.01085758,25.117524246666665,0.4866601520972247
0.4,2.0,25.01085758,25.144190913333333,0.4866561269420937
0.4,2.0,25.01085758,25.17085758,0.4866521144970906
0.4,2.0,25.01085758,25.197524246666667,0.4866481147088969
0.4,2.0,25.01085758,25.224190913333334,0.486644127524473
0.4,2.0,25.01085758,25.25085758,0.4866401528910563
0.4,2.0,25.01085758,25.277524246666665,0.4866361907561596
0.4,2.0,25.01085758,25.304190913333333,0.4866322410675696
0.4,2.0,25.01085758,25.33085758,0.4866283037733447
0.4,2.0,25.01085758,25.357524246666667,0.4866243788218137
0.4,2.0,25.01085758,25.384190913333335,0.48662046616157406
0.4,2.0,25.01085758,25.41085758,0.48661656574148987
0.4,2.0,25.01085758,25.437524246666666,0.486612677510691
0.4,2.0,25.01085758,25.464190913333333,0.4866088014185704
0.4,2.0,25.01085758,25.49085758,0.48660493741478333
0.4,2.0,25.01085758,25.517524246666667,0.48660108544924535
0.4,2.0,25.01085758,25.544190913333335,0.48659724547213057
0.4,2.0,25.01085758,25.57085758,0.4865934174338706
0.4,2.0,25.01085758,25.597524246666666,0.4865896012851524
0.4,2.0,25.01085758,25.624190913333333,0.48658579697691684
0.4,2.0,25.01085758,25.65085758,0.4865820044603574
0.4,2.0,25.01085758,25.677524246666668,0.486578223686918
0.4,2.0,25.01085758,25.704190913333335,0.4865744546082925
0.4,2.0,25.01085758,25.73085758,0.4865706971764222
0.4,2.0,25.01085758,25.757524246666666,0.48656695134349476
0.4,2.0,25.01085758,25.784190913333333,0.48656321706194233
0.4,2.0,25.01085758,25.81085758,0.4865594942844407
0.4,2.0,25.01085758,25.837524246666668,0.48655578296390706
0.4,2.0,25.01085758,25.86419091333333,0.4865520830534994
0.4,2.0,25.01085758,25.89085758,0.48654839450661397
0.4,2.0,25.01085758,25.917524246666666,0.48654471727688464
0.4,2.0,25.01085758,25.944190913333333,0.4865410513181813
0.4,2.0,25.01085758,25.97085758,0.4865373965846083
0.4,2.0,25.01085758,25.997524246666668,0.4865337530305025
0.4,2.0,25.01085758,26.024190913333335,0.48653012061043327
0.4,2.0,25.01085758,26.05085758,0.48652649927919994
0.4,2.0,25.01085758,26.077524246666666,0.4865228889918301
0.4,2.0,25.01085758,26.104190913333333,0.4865192897035792
0.4,2.0,25.01085758,26.13085758,0.4865157013699291
0.4,2.0,25.01085758,26.157524246666668,0.48651212394658594
0.4,2.0,25.01085758,26.18419091333333,0.48650855738947923
0.4,2.0,25.01085758,26.21085758,0.4865050016547604
0.4,2.0,25.01085758,26.237524246666666,0.4865014566988021
0.4,2.0,25.01085758,26.264190913333334,0.48649792247819557
0.4,2.0,25.01085758,26.29085758,0.48649439894975055
0.4,2.0,25.01085758,26.317524246666668,0.4864908860704931
0.4,2.0,25.01085758,26.344190913333332,0.4864873837976654
0.4,2.0,25.01085758,26.37085758,0.48648389208872295
0.4,2.0,25.01085758,26.397524246666666,0.4864804109013342
0.4,2.0,25.01085758,26.424190913333334,0.48647694019337945
0.4,2.0,25.01085758,26.45085758,0.48647347992294937
0.4,2.0,25.01085758,26.47752424666667,0.4864700300483433
0.4,2.0,25.01085758,26.504190913333332,0.48646659052806823
0.4,2.0,25.01085758,26.53085758,0.48646316132083844
0.4,2.0,25.01085758,26.557524246666667,0.4864597423855728
0.4,2.0,25.01085758,26.584190913333334,0.48645633368139446
0.4,2.0,25.01085758,26.61085758,0.4864529351676297
0.4,2.0,25.01085758,26.637524246666665,0.48644954680380614
0.4,2.0,25.01085758,26.664190913333332,0.486446168549652
0.4,2.0,25.01085758,26.69085758,0.48644280036509474
0.4,2.0,25.01085758,26.717524246666667,0.48643944221026
0.4,2.0,25.01085758,26.744190913333334,0.48643609404547056
0.4,2.0,25.01085758,26.77085758,0.4864327558312443
0.4,2.0,25.01085758,26.79752424666667,0.4864294275282946
0.4,2.0,25.01085758,26.824190913333332,0.4864261090975274
0.4,2.0,25.01085758,26.85085758,0.4864228005000416
0.4,2.0,25.01085758,26.877524246666667,0.4864195016971272
0.4,2.0,25.01085758,26.904190913333334,0.48641621265026413
0.4,2.0,25.01085758,26.93085758,0.4864129333211212
0.4,2.0,25.01085758,26.957524246666665,0.4864096636715552
0.4,2.0,25.01085758,26.984190913333332,0.4864064036636096
0.4,2.0,25.01085758,27.01085758,0.4864031532595136
